NAMC_CODE,ICD_11_CODE
AYU,
DIS,
A,
AA,
AAA,
AAA-1,SR11
AAA-2,SR12
AAA-2.1,SR10
AAA-2.1,SR10
AAA-2.2,
AAA-2.3,
AAA-2.4,
AAA-2.5,
AAA-2.6,
AAA-3,SR13
AAA-4,SR14
AAB,
AAB-1,SQ00
AAB-2,SQ05
AAB-3,SP9Y
AAB-4,SP9Y
AAB-5,SP21
AAB-6,
AAB-7,SM1P
AAB-7,SM1P
AAB-8,
AAB-9,
AAB-10,
AAB-11,
AAB-12,
AAB-13,
AAB-14,
AAB-15,SK84
AAB-15,SK84
AAB-16,
AAB-17,
AAB-18,
AAB-19,
AAB-20,
AAB-21,
AAB-22,SL02
AAB-22,SL02
AAB-23,
AAB-24,
AAB-25,SM1Y
AAB-26,SP97
AAB-27,SN41
AAB-28,
AAB-29,SP61
AAB-30,SN4C
AAB-31,
AAB-32,
AAB-33,SP45
AAB-34,
AAB-35,SM50
AAB-36,SP1Y
AAB-37,
AAB-38,SK91
AAB-39,SP1Y
AAB-40,SP1Y
AAB-41,SP95
AAB-42,SP98
AAB-43,
AAB-44,SN9Y
AAB-45,SP9Y
AAB-46,SK30
AAB-47,
AAB-48,SM1Y
AAB-49,SN60
AAB-50,SN7Y
AAB-51,
AAB-52,
AAB-53,SK21
AAB-54,SK5Y
AAB-55,SP4Y
AAB-56,SP45
AAB-57,SN4R
AAB-58,
AAB-59,SP9Y
AAB-60,
AAB-61,SP42
AAB-62,
AAB-63,
AAB-64,SP4Y
AAB-65,SP9Y
AAB-66,SP9Y
AAB-67,
AAB-68,SM7Y
AAB-69,
AAB-70,
AAB-71,
AAB-72,SK5Y
AAB-73,
AAB-74,SM1N
AAB-75,SM81
AAB-76,
AAB-77,SN42
AAB-78,SP9Y
AAB-79,SK0Y
AAB-80,SP1Y
AAB-81,
AAB-82,SK7Y
AAB-83,SP9Y
AAB-84,SP9Y
AAB-85,SK53
AAB-86,SP9Y
AAB-87,SP1Y
AAB-88,SP9Y
AAB-89,SM37
AAB-90,
AAB-91,SQ04
AAB-92,SN3Y
AAB-93,SP4Y
AAB-94,SP9Y
AAB-95,SL7Y
AAB-96,
AAB-97,SN03
AAB-98,
AAB-99,SN07
AAB-100,SP9Y
AAB-101,
AAB-102,
AAB-103,SP9Y
AAB-104,
AAB-105,SP9Y
AAB-106,
AAB-107,SK52
AAB-108,SP4Y
AAB-109,
AAB-110,SL62
AAB-111,SL60
AAC,
AAC-1,SK30
AAC-2,SK30
AAC-2.1,
AAC-3,SK30
AAC-4,SK20
AAC-4.1,
AAC-4.2,
AAC-5,SP0Y
AAC-6,SP00
AAC-7,SN08
AAC-8,SP15
AAC-9,SK55
AAC-9.1,
AAC-9.2,SK55
AAC-10,SP2Y
AAC-10,SP2Y
AAC-11,SK30
AAC-12,SM31
AAC-12.1,SM31
AAC-13,SK30
AAC-13.1,SK30
AAC-14,SM75
AAC-15,SK22
AAC-16,SK5Y
AAC-17,SP10
AAC-18,SK2Y
AAC-19,SP20
AAC-20,SP41
AAC-20.1,
AAC-20.2,
AAC-21,SK22
SM83,AAC-22
AAC-239,SK30
SK22,AAC-24
AAC-24.1,
AAC-24.2,
AAC-24.3,
AAC-25,SP9Y
AAC-26,SP9Y
AAC-27,SM83
AAC-28,
AAC-29,
SK21,AAC-30
SL21,AAC-31
AAC-32,
SL07,AAC-33
SP40,AAC-34
SK51,AAC-35
SK52,AAC-36
AAC-37,
AAC-38,SK22
AAC-39,SL7Y
AAC-40,SK5Y
SR20,AAD
AAD-1,
AAD-1.1,
AAD-1.2,
AAD-1.3,
AAD-1.4,
AAD-1.5,
AAD-1.6,
AAD-1.7,
AAD-1.8,
AAD-1.9,
AAD-1.10,
AAD-1.11,
AAD-1.12,
AAD-1.13,
AAD-1.14,
AAD-1.15,
AAD-1.16,
AAD-1.17,
AAD-1.18,
AAD-1.19,
AAD-1.20,
AAD-2,
AAD-2.1,SR20
AAD-2.2,SR20
AAD-2.3,SR20
AAD-2.4,SR20
AAD-2.5,SR20
AAD-2.6,SR20
AAD-2.7,SR20
AAD-2.8,SR20
AAD-2.9,SR20
AAD-2.10,SR20
AAD-2.11,SR20
AAD-2.12,SR20
AAD-2.13,
AAD-3,
AAD-3.1,SR20
AAD-3.2,SR20
AAD-3.3,SR20
AAD-3.4,SR20
AAD-3.5,SR20
AAD-3.6,SR20
AAD-3.7,SR20
AAD-4,SR20
AAD-4.1,SR20
AAD-4.2,
AAD-5,SR20
AAE,
AAE-1,
AAE-2,
AAE-3,
AAE-4,
AAE-5,
AAE-6,
AAE-7,
AAE-8,
AAE-9,
AAE-10,
AAE-11,
AAE-12,
AAE-13,
AAE-14,
AAE-15,
AAE-16,SP12
AAE-17,
AA-1,
AA-2,
AA-3,
AA-4,
AB,
ABA,
ABA-1,SR16
ABA-2,SR17
ABA-2.1,SR15
ABA-3,SR18
ABA-4,SR19
ABB,
ABB-1,SK7Y
ABB-2,SN44
ABB-3,SP9Y
ABB-4,
ABB-5,SM7Y
ABB-6,SM7Y
ABB-7,SM3Y
ABB-8,SP9Y
ABB-9,SM10
ABB-10,SP9Y
ABB-11,SP9Y
ABB-12,
ABB-13,
ABB-14,
ABB-15,
ABB-16,
ABB-17,SP98
ABB-18,
ABB-19,
ABB-20,
ABB-21,SP9Y
ABB-22,SP9Y
ABB-23,SP9Y
ABB-24,SP9Y
ABB-25,SP9Y
ABB-26,
ABB-27,SM15
ABB-28,SP9Y
ABB-29,SP2Y
ABB-30,SP9Y
ABB-31,SN00
ABB-32,
ABB-33,
ABB-34,
ABB-35,SN5Y
ABB-36,
ABB-37,SP9Y
ABB-38,
ABB-39,
ABB-40,
ABB-41,
ABB-45,SN9Y
ABC,
ABC-1,
ABC-2,
ABC-3,
ABC-4,
ABC-5,
ABC-6,
ABC-7,
ABC-8,
ABC-9,
ABC-10,
AB-1,
AB-2,
AB-3,
AC,
ACA,
ACA-1,SR1B
ACA-2,SR1C
ACA-2.1,SR1A
ACA-3,SR1D
ACA-4,SR1E
ACB,
ACB-1,
ACB-2,SM3B
ACB-3,SP96
ACB-4,
ACB-5,
ACB-6,
ACB-7,SR0Y
ACB-8,
ACB-9,
ACB-10,
ACB-11,
ACB-12,SM1Y
ACB-13,
ACB-14,SP9Y
ACB-15,SQ4Y
ACB-16,SM7Y
ACB-17,SL72
ACB-18,SQ40
ACB-19,
ACB-20,
ACB-21,SM1Y
ACB-22,
ACB-23,SM3B
ACB-24,SM7Y
ACB-25,
ACB-26,
ACB-27,SP9Y
ACB-28,SL6Y
ACB-29,SK5Y
ACC,
ACC-1,
ACC-2,
ACC-3,
ACC-4,
ACC-5,
ACC-6,
ACC-7,
ACC-8,
ACC-9,
ACC-10,
AC-1,
AC-2,
AC-3,
AD,
AD-1,
AD-2,
AD-3,
AD-4,
AD-5,
AD-6,
AD-7,
AD-8,
AD-9,
AD-10,
AD-11,
AD-12,
AD-13,
B,SR40
BA,
BA-1,SR42
BA-2,SR41
BB,
BB-1,SR44
BB-2,SR43
BB-3,
BB-4,
BB-5,
BB-6,
BC,
BC-1,SR46
BC-2,SR45
BD,
BD-1,SR48
BD-2,SP62
BE,
BE-1,SR4A
BE-2,SR49
BF,
BF-1,SR4C
BF-2,SR4B
BG,
BG-1,SR4E
BG-2,SR4D
BA-3,
BA-3.1,SR4K
BA-3.2,SR4J
BA-4,
BA-4.1,SN10
BA-4.2,SR4L
BH,SP93
BH-1,SR4F
BH-2,SR4H
BH-3,SR4G
BI,SP5B
BI,SP5B
BI-1,
BI-2,
CC-2,SN45
BI-3,
BI-4,
BI-5,
BI-6,
BI-7,
BI-8,
BI-9,
BI-10,
BI-11,
BI-12,
BI-13,
BI-14,
BI-15,
BI-16,
BI-17,
BI-18,
BI-19,
BI-20,
BI-21,
BI-22,
BJ,
C,
CA,
CA-1,SR83
CA-1,SR83
CA-2,SR82
CB,
CB-1,SR81
CB-2,SR80
CB-3,SR86
CC,
CC-1,SR85
CZ-1,
D,SS10
DA,SS15
DA-1,
DB,
DB-1,
DB-1.1,SS13
DB-2,SS11
DB-3,SS12
DB-4,SS14
SR5Zâ‚¬,
EA,
EA-1,SR57
EA-2,SM74
EA-2.1,
EA-2.2,SM74
EA-2.3,SM74
EA-2.4,SM74
EA-2.5,SM74
EA-2.6,
EA-2.7,
EA-2.8,
EA-3,SL41
EA-3.1,
EA-3.2,
EA-3.3,
EA-3.4,
EA-3.5,
EA-3.6,
EA-3.7,
EA-3.8,
EA-4,SL42
EA-4.1,
EA-4.2,
EA-4.3,
EA-4.4,
EA-4.5,SL40
EA-4.5.1,SL40
EA-4.5.2,SL40
EA-4.6,
EA-4.7,
EA-4.8,
EA-5,SL03
EA-5.1,
EA-5.2,
EA-5.3,
EA-5.4,
EA-5.5,
EA-5.6,
EA-5.7,
EA-5.8,
EA-5.9,
EA-6,
EB,
EB-1,SR59
EB-2,SM37
EB-2.1,
EB-2.2,
EB-2.2.1,
EB-2.3,
EB-2.4,
EB-2.5,
EB-2.6,
EB-2.7,
EB-2.8,
EB-2.9,
EB-2.10,
EB-2.11,
EB-2.12,
EB-2.13,
EB-2.14,
EB-2.15,
EB-2.16,
EB-2.17,
EB-3,SM3B
EB-3.1,
EB-3.2,
EB-3.3,
EB-3.4,
EB-3.5,
EB-3.6,
EB-3.7,SM76
EB-3.7.1,
EB-3.7.2,
EB-3.7.3,
EB-3.7.4,
EB-3.7.5,
EB-3.8,SM34
EB-3.9,SM3C
EB-3.9.1,
EB-3.9.2,
EB-3.9.3,
EB-3.9.4,
EB-3.9.5,
EB-3.10,
EB-3.11,
EB-4,SM39
EB-4.1,SM39
EB-4.2,SM39
EB-4.3,
EB-4.4,
EB-4.5,
EB-4.6,
AAC-12.2,
AAC-12.3,
EB-5,SM71
EB-5.1,
EB-5.2,
EB-5.3,
EB-5.4,
EB-5.5,
EB-5.6,
EB-5.7,
EB-5.8,
EB-5.9,
EB-5.10,
EB-5.11,
EB-5.12,
EB-5.13,
EB-5.14,
EB-5.15,
EB-5.16,
EB-6,SM3L
EB-6.1,
EB-6.2,SM3J
EB-6.3,
EB-6.4,
EB-6.5,
EB-6.6,
EB-6.6.1,
EB-6.6.2,
EB-6.6.3,
EB-6.6.4,
EB-6.7,
EB-6.8,
EB-6.9,
EB-6.10,
EB-7,SM36
EB-7.1,
EB-7.2,
EB-7.3,
EB-7.4,
EB-7.5,
EB-7.6,
EB-7.7,
EB-7.8,
EB-7.9,
EB-8,SM3K
EB-8.1,
EB-8.2,
EB-8.3,
EB-8.4,
EB-8.5,
EB-8.6,
EB-8.7,
EB-8.8,
EB-8.9,
EB-8.10,
EB-8.11,
EB-8.12,
EB-8.13,
EB-8.14,
EB-8.15,
EB-9,SM38
EB-9.1,
EB-9.2,
EB-9.3,
EB-9.4,SM72
EB-10,SM33
EB-10.1,
EB-10.2,
EB-10.3,
EB-10.4,
EB-10.5,
EB-10.6,
EB-10.7,
EB-10.8,SM3F
EB-10.9,
EB-10.10,SM3D
EB-10.10.1,
EB-10.10.2,
EB-10.10.3,
EB-10.11,SM3E
EB-10.12,
EB-10.13,
EB-10.14,
EB-10.15,SM70
EB-10.16,
EB-10.17,
EB-10.18,
EB-10.19,
EB-11,SM35
EB-11.1,
EB-11.2,
EB-11.3,
EB-11.4,
EB-11.5,
EB-11.6,
EB-11.7,
EB-11.8,
EB-11.9,
EB-11.10,
EB-11.11,
EB-11.12,
EB-11.13,
EB-11.14,
EB-11.15,
EB-11.16,
EB-11.17,
EB-11.18,
EB-11.19,
EB-12,SM51
EB-13,
EB-14,SR5A
EC,
EC-1,
EC-2,SL61
EC-2.1,
EC-2.2,
EC-2.3,
EC-2.4,
EC-2.5,
EC-2.6,
EC-2.7,
EC-3,SP51
EC-3.1,
EC-3.2,SP54
EC-3.2.1,
EC-3.3,SP53
EC-3.3.1,
EC-3.4,SP52
EC-3.4.1,
EC-3.5,SP5Y
EC-3.6,SP5Y
EC-3.7,SP5Y
EC-3.8,SP5Y
EC-3.8.1,
EC-3.8.2,
EC-3.8.3,
EC-3.8.4,
EC-3.8.5,
EC-3.8.6,
EC-3.8.7,
EC-3.8.8,
EC-3.8.9,
EC-3.8.10,
EC-3.8.11,
EC-3.8.12,
EC-3.8.13,
EC-3.8.14,
EC-3.8.15,
EC-3.8.16,
EC-3.8.17,
EC-3.8.18,
EC-3.8.19,
EC-3.8.20,
EC-3.8.21,
EC-3.8.22,
EC-3.8.23,
EC-3.8.24,
EC-3.8.25,
EC-3.8.26,
EC-3.8.27,
EC-3.8.28,
EC-3.8.29,
EC-3.8.30,
EC-3.8.31,
EC-3.8.32,
EC-3.8.33,
EC-3.8.34,
EC-3.8.35,
EC-3.8.36,
EC-3.8.37,
EC-3.8.38,
EC-3.8.39,
EC-3.8.40,
EC-3.8.41,
EC-3.8.42,
EC-3.8.43,
SP59,EC-3.9
EC-3.9.1,
EC-3.9.1.1,
EC-3.9.1.2,
EC-3.9.1.3,
EC-3.9.1.4,
EC-3.9.2,
EC-3.9.3,
EC-3.9.4,
EC-3.9.4.1,
EC-3.9.4.2,
EC-3.9.4.3,
EC-3.9.4.4,
EC-3.9.4.5,
EC-3.9.4.6,
EC-3.9.4.7,
EC-3.9.4.8,
EC-3.10,SP57
EC-3.10.1,SP57
EC-3.10.2,SP58
EC-3.10.3,SP57
EC-3.10.4,SP57
EC-3.10.4.1,SP57
EC-3.10.4.2,SP57
EC-3.10.4.3,SP57
EC-3.10.5,SP57
EC-3.10.5.1,SP57
EC-3.10.5.2,
EC-3.10.5.3,SP57
EC-3.10.6,SP57
EC-3.11,SP57
EC-3.11.1,
EC-3.11.2,
EC-3.11.3,
EC-3.11.4,
EC-3.11.5,
EC-3.11.6,
EC-3.11.7,
EC-3.12,
EC-3.13,
EC-3.14,
EC-3.15,
EC-3.16,
EC-3.17,
EC-3.18,
EC-3.19,
EC-3.20,
EC-3.21,
EC-3.22,
EC-3.23,
EC-3.24,
EC-3.25,
EC-3.26,
EC-3.27,
EC-4,SN11
EC-4.1,
EC-4.1.1,
EC-4.1.2,
EC-4.1.3,
EC-4.2,
EC-4.2.1,
EC-4.2.2,
EC-4.3,
EC-4.3.1,
EC-4.3.2,
EC-4.3.3,
EC-4.4,
EC-4.5,SR5D
EC-5,SL80
EC-5.1,
EC-5.2,
EC-5.3,
EC-5.4,
EC-5.5,
EC-5.6,
EC-5.7,
EC-5.8,
EC-5.9,
EC-5.10,
EC-6,SP11
EC-6.1,
EC-6.2,
EC-6.3,
EC-6.4,
EC-7,
EC-8,
ED,
ED-1,SR51
ED-2,
ED-2.1,
ED-2.2,SP99
ED-2.3,
ED-2.4,
ED-2.5,
ED-2.6,
ED-2.7,
ED-2.8,
ED-2.9,SN92
ED-2.10,
ED-2.11,
ED-2.12,
ED-2.13,
ED-2.14,SQ01
ED-2.15,
ED-2.16,
ED-2.17,
ED-2.18,
ED-2.19,
ED-2.20,
ED-2.21,
ED-3,SM41
ED-3.1,SM41
ED-3.2,SM41
ED-3.3,SM41
ED-3.4,SM41
ED-3.5,SM41
ED-3.6,
ED-3.7,
ED-3.8,
ED-4,
ED-4.1,
ED-4.2,
ED-4.2.1,SN49
ED-4.2.2,
ED-4.2.3,SN49
ED-4.2.4,SN49
ED-4.2.5,SN49
ED-4.2.6,SN49
ED-4.2.7,SN4A
ED-4.2.8,
ED-4.3,
ED-4.3.1,SN4B
ED-4.3.2,SN5Y
ED-4.3.3,SN4A
ED-4.3.4,SN9Y
ED-4.3.5,
ED-4.3.6,SN4U
ED-4.3.7,SN5Y
ED-4.3.8,SN46
ED-4.3.9,SN5Y
ED-4.3.10,SN43
ED-4.3.10,SN43
ED-4.3.11,SN5Y
ED-4.4,SN49
ED-4.4.1,
ED-4.4.2,
ED-4.4.3,
ED-4.4.4,
ED-4.4.5,
ED-4.4.6,
ED-4.4.7,
ED-4.5,
ED-4.6,
ED-4.7,
ED-5,SN4D
ED-5.1,
ED-5.2,
ED-5.3,
ED-5.4,
ED-5.5,
ED-5.6,
ED-5.7,
ED-6,
ED-6.1,
ED-6.2,
ED-6.3,
ED-6.4,
ED-6.5,
ED-6.6,
ED-6.7,
ED-6.7.1,
ED-6.7.2,
ED-6.7.3,
ED-6.7.4,
ED-6.7.5,
ED-6.7.6,
ED-6.7.7,
ED-6.8,
ED-6.9,
ED-7,SL81
ED-7.1,
ED-7.2,
ED-7.3,
ED-7.4,
ED-7.5,
ED-7.6,
ED-7.7,
ED-7.8,
ED-7.9,
ED-7.10,
ED-7.11,
ED-8,SP11
ED-8.1,
ED-8.2,
ED-8.3,
ED-8.4,
ED-8.5,
ED-8.5.1,SP11
ED-8.5.2,SP14
ED-8.5.3,
ED-8.5.4,
ED-8.5.5,
ED-8.5.6,
ED-8.6,
ED-8.7,
ED-8.8,
ED-8.9,
ED-9,
ED-9.1,
ED-9.2,
ED-9.3,
ED-9.4,
ED-9.5,
ED-9.6,
ED-9.7,
ED-9.7.1,SM56
ED-9.7.2,
ED-9.7.3,
ED-9.7.4,
ED-9.7.5,
ED-9.7.6,SM80
ED-9.7.7,
ED-9.7.8,
ED-9.7.9,SM40
ED-9.7.10,
ED-9.8,
ED-9.9,
ED-9.10,
ED-9.11,
ED-9.12,
ED-9.13,
ED-10,SN5Y
ED-10.1,
ED-10.2,
ED-10.3,
ED-10.4,
ED-10.5,
ED-10.6,
ED-10.7,
ED-10.8,
ED-10.9,
ED-10.10,
ED-10.11,
ED-10.12,
ED-10.13,
ED-10.14,
ED-10.15,
ED-11,SN31
ED-11.1,
ED-11.2,
ED-11.3,
ED-12,SM44
ED-12.1,
ED-12.2,
ED-12.3,
ED-12.4,
ED-12.5,
ED-12.6,
ED-13,SM01
ED-13.1,
ED-13.2,
ED-13.3,
ED-13.4,
ED-14,
ED-14.1,
ED-15,
ED-16,SM52
ED-16.1,
ED-16.2,
ED-16.3,
ED-16.4,
ED-16.5,
ED-16.6,
ED-16.7,
ED-16.8,
ED-16.9,
ED-16.10,
ED-16.11,
ED-17,
ED-18,SL8Y
ED-19,SN47
ED-20,
ED-20.1,
ED-20.2,
ED-20.3,
ED-20.4,
ED-20.5,
ED-20.6,
ED-20.7,SM01
EE,
EE-1,SR52
EE-2,SP72
EE-2.1,
EE-2.2,
EE-2.3,
EE-2.4,
EE-2.5,
EE-2.6,
EE-2.7,
EE-3,SM53
EE-3.1,
EE-3.2,
EE-3.3,
EE-3.4,SM53
EE-3.5,SM53
EE-3.6,SM53
EE-3.7,SM53
EE-3.7.1,
EE-3.7.2,
EE-3.8,
EE-3.9,
EE-3.10,SM53
EE-3.11,
EE-3.12,
EE-3.13,SM7Y
EE-3.14,SN06
EE-3.15,
EE-3.16,SK6S
EE-3.17,
EE-3.18,
EE-4,SP71
EE-4.1,
EE-4.2,
EE-4.3,
EE-4.4,SP70
EE-4.5,SL70
EE-4.6,
EE-4.7,
EE-4.8,
EE-4.9,
EE-4.10,
EE-5,
EE-6,
EF,
EF-1,SR53
EF-2,SM8D
EF-2.1,
EF-2.2,SM8D
EF-2.2.1,SM8D
EF-2.2.2,SM8D
EF-2.2.3,SM8D
EF-2.2.4,SM8D
EF-2.2.5,SM8D
EF-2.2.6,SM8D
EF-2.2.7,SM8D
EF-2.2.8,SM8D
EF-2.2.9,SM8D
EF-2.2.10,SM8D
EF-2.2.11,SM8D
EF-2.2.12,SM8D
EF-2.2.13,SM8D
EF-2.2.14,SM8D
EF-2.3,SM8D
EF-2.3.1,SM8D
EF-2.3.2,SM8D
EF-2.3.3,SM8D
EF-2.3.4,SM8A
EF-2.3.5,SM8D
EF-2.3.6,SM8D
EF-2.3.7,SM8D
EF-2.4,SM8D
EF-2.4.1,SM8D
EF-2.4.2,SM8D
EF-2.4.3,SM8D
EF-2.4.4,SP60
EF-2.4.5,SM8D
EF-2.5,SN92
EF-2.5.1,
EF-2.5.2,
EF-2.5.3,
EF-2.5.4,
EF-2.5.5,
EF-2.5.6,SN04
EF-2.5.6,SN04
EF-2.5.7,
EF-2.5.8,
EF-2.5.9,
EF-2.5.10,
EF-2.5.11,
EF-2.5.12,
EF-2.5.13,
EF-2.6,
EF-2.7,
EF-2.8,
EF-2.9,
EF-2.10,
EF-2.11,
EF-3,SP64
EF-3.1,
EF-4,
EF-5,SR5C
EF-5,SR5C
EG,
EG-1,SR54
EG-2,SP0Y
EH,
EH-1,SR55
EH-2,SP0Y
EI,
EI-1,SR56
EI-2,SN02
EI-2.1,
EI-2.2,
EI-2.3,
EI-2.4,
EI-2.5,
EI-2.6,
EI-2.7,
EI-2.7.1,
EI-2.7.2,
EI-2.7.3,
EI-2.7.4,
EI-2.7.5,
EI-2.7.6,
EI-2.7.7,
EI-3,
EI-3.1,
EI-3.1.1,
EI-3.1.2,
EI-3.1.3,
EI-3.2,
EI-3.2.1,
EI-3.2.2,
EI-3.3,
EI-3.3.1,
EI-3.4,
EI-3.5,
EI-3.6,
EI-3.7,
EI-3.8,
EI-3.9,
EI-3.10,
EI-3.11,
EI-4,SN00
EI-4.1,
EF-2.6.5,
EI-4.2,
EI-4.3,
EI-4.4,
EI-4.5,
EI-4.6,
EI-4.7,
EI-4.8,
EI-4.9,
EI-4.10,
EI-4.11,
EI-4.12,
EI-4.13,SP90
EI-4.14,
EI-4.15,
EI-4.16,
EI-4.17,
EI-4.18,
EI-4.19,
EI-5,SN30
EI-5.1,
EI-5.2,
EI-5.3,
EI-5.4,
EI-5.5,
EI-5.6,
EI-5.7,
EI-6,SN01
EI-6.1,
EI-6.2,SN3Y
EI-6.3,SN3Y
EI-6.4,SN3Y
EI-6.5,SN0Y
EI-6.6,SN0Y
EI-6.7,SN0Y
EI-6.8,SM3G
EI-6.9,SN0Y
EJ,
EJ-1,SR5B
EJ-2,SM8C
EJ-2.1,
EJ-2.2,SM8C
EJ-2.3,SM8C
EJ-2.4,SM8C
EJ-2.5,SM8C
EJ-2.6,
EJ-2.7,
EJ-2.7.1,
EJ-2.8,
EJ-3,SM82
EJ-3.1,SM89
EJ-3.1.1,
EJ-3.1.2,
EJ-3.2,SM82
EJ-3.3,SM88
EJ-3.4,SM8E
EJ-3.5,SM88
EJ-3.6,
EJ-3.7,SM8B
EJ-3.8,SM87
EJ-3.9,SM88
EJ-3.10,SM8Y
EJ-3.11,SN09
EJ-3.12,SM52
EJ-3.13,SM82
EJ-3.13.1,
EJ-3.13.2,
EJ-3.13.3,
EJ-3.14,
EJ-4,SM87
EJ-4.1,
EJ-4.2,
EJ-4.3,
EJ-4.4,
EJ-4.5,
EJ-4.6,
EJ-4.7,
EJ-4.8,
EJ-4.9,
EJ-4.10,
EK,
EK-1,SR58
EK-2,SP63
EK-2.1,
EK-2.2,
EK-2.3,
EK-2.4,
EK-2.5,
EK-2.6,
EK-2.7,
EK-2.8,
EK-2.9,
EK-2.10,
EK-2.11,
EK-2.12,
EK-3,SP92
EK-3.1,
EK-3.2,
EK-3.3,
EK-3.4,
EK-3.5,
EK-3.6,
EK-3.7,
EK-3.8,
EK-3.9,
EK-3.10,
EK-3.11,
EK-3.12,
EK-3.14,
EK-3.15,
EK-3.16,
EK-3.17,SP91
EK-3.18,
EK-3.19,
EK-4,SM32
EK-4.1,
EK-4.2,SM32
EK-4.3,SM32
EK-4.4,SM32
EK-4.5,SM32
EK-4.6,SM42
EK-4.7,SM32
EK-4.8,SM32
EK-4.9,
EK-4.10,SM32
EK-4.10.1,
EK-4.10.2,
EK-4.11,
EK-4.12,
EK-4.13,
EK-4.14,
EL,
EL-1,
EL-2,
EL-2.1,
EL-2.2,
EL-2.3,
EL-2.4,
EL-2.5,SM9Y
EL-2.6,SM9Y
EL-2.7,
EL-2.8,SM94
EL-2.9,SM90
EL-2.10,SM96
EL-2.11,
EL-2.12,SN12
EL-2.13,SM97
EL-2.14,SM9B
EL-2.15,SM91
EL-2.16,
EL-2.17,SM9A
EL-2.18,
EL-2.19,SM9A
EL-2.20,SM9A
EL-2.21,
EL-2.22,SM94
EL-2.23,
EL-2.24,SM94
EL-2.25,SM94
EL-2.26,SM9Y
EL-2.27,SM92
EL-2.27.1,
EL-2.27.2,
EL-2.27.3,
EL-2.27.4,
EL-2.28,SM99
EL-3,
EL-3.1,
EL-3.2,
EL-3.3,
EL-3.4,
EL-3.5,
EL-3.6,
EL-3.7,
EL-3.8,
EL-4,SM98
EL-4.1,
EL-4.2,
EL-4.3,
EL-4.4,
EL-4.5,
EL-5,SM93
